ticker,asof,event_date,impulse_return_5d,impulse_volume_ratio,crowd_rank_abs_return,consolidation_days,consolidation_range,signed_position,recent_volume_ratio,breakout_score,direction,lean,reason,friday,friday_return,signed_return,outcome
MSFT,2026-03-26,2026-03-24,-0.06677352390576707,1.360286358651797,0.9464285714285714,2,0.03250361466040386,0.9342881971225582,1.1824585788322304,0.8904934537522367,DOWN,CONTINUE_DOWN,6.7% down impulse; volume 1.4x; 2d range 3.3%; breakout score 0.89,2026-03-27,-0.02513870584021738,0.02513870584021738,GOES_AGAIN
SBUX,2026-03-26,2026-03-20,-0.0665657929657062,1.6231464527567065,0.9464285714285714,4,0.04728307205341875,0.8857812049838342,0.8158705035014332,0.7832209441889706,DOWN,CONTINUE_DOWN,6.7% down impulse; volume 1.6x; 4d range 4.7%; breakout score 0.78,2026-03-27,-0.048344700757452785,0.048344700757452785,GOES_AGAIN
ABBV,2026-03-26,2026-03-20,-0.06650576219348714,4.2561696237765325,0.9285714285714286,4,0.04781959242096412,0.034197102567589344,0.673668869882675,0.15867174577384757,DOWN,STALL_RISK,6.7% down impulse; volume 4.3x; 4d range 4.8%; breakout score 0.16,2026-03-27,-0.008147031358864743,0.008147031358864743,STALLS
UNH,2026-04-09,2026-04-07,0.17548417029645025,2.8386392390836637,0.9821428571428571,2,0.029032636769194653,0.3137025170992013,0.8504146919431279,0.38967470035806645,UP,STALL_RISK,17.5% up impulse; volume 2.8x; 2d range 2.9%; breakout score 0.39,2026-04-10,-0.008406428787131381,-0.008406428787131381,STALLS
AMZN,2026-04-16,2026-04-14,0.16489684846089103,1.5575746536520556,0.9464285714285714,2,0.025552848366687808,0.8814094804924868,0.9286135418606094,0.8027093447168626,UP,CONTINUE_UP,16.5% up impulse; volume 1.6x; 2d range 2.6%; breakout score 0.80,2026-04-17,0.003444135445983987,0.003444135445983987,STALLS
NFLX,2026-04-23,2026-04-21,-0.1289047525931185,1.5153003954405726,0.9821428571428571,2,0.027913540820492688,0.7081711715723382,0.9946840168265241,0.6946566234659415,DOWN,CONTINUE_DOWN,12.9% down impulse; volume 1.5x; 2d range 2.8%; breakout score 0.69,2026-04-24,-0.0040939156934641785,0.0040939156934641785,STALLS
NKE,2026-04-23,2026-04-17,0.08000938369008348,2.004619085600433,0.7857142857142857,4,0.061708848070978206,0.19780116900229838,0.7476205261072985,0.28798492352306854,UP,STALL_RISK,8.0% up impulse; volume 2.0x; 4d range 6.2%; breakout score 0.29,2026-04-24,-0.0020098292773852444,-0.0020098292773852444,STALLS
MRK,2026-04-23,2026-04-21,-0.06168724226704947,1.31330895851653,0.7857142857142857,2,0.031199531100726485,0.11494091596693512,0.8025229101639422,0.240963223209643,DOWN,STALL_RISK,6.2% down impulse; volume 1.3x; 2d range 3.1%; breakout score 0.24,2026-04-24,-0.023730598111368906,0.023730598111368906,GOES_AGAIN
LMT,2026-04-30,2026-04-24,-0.13296406543466743,2.2261295669092744,0.9642857142857143,4,0.051220161992735935,0.37689681695597754,1.1596276692827159,0.4957533057257274,DOWN,STALL_RISK,13.3% down impulse; volume 2.2x; 4d range 5.1%; breakout score 0.50,2026-05-01,-0.01003909775853662,0.01003909775853662,STALLS
RTX,2026-04-30,2026-04-24,-0.11281948818189613,1.9731407481146872,0.9464285714285714,4,0.030329530509317415,0.1765829142785179,1.3482941622441242,0.39326687244378733,DOWN,STALL_RISK,11.3% down impulse; volume 2.0x; 4d range 3.0%; breakout score 0.39,2026-05-01,-0.01181349318185998,0.01181349318185998,STALLS
HON,2026-04-30,2026-04-23,-0.06556806191647657,2.1617134807080616,0.8214285714285714,5,0.03187711795387882,0.09186841695863723,1.1257260232527615,0.28945309652159834,DOWN,STALL_RISK,6.6% down impulse; volume 2.2x; 5d range 3.2%; breakout score 0.29,2026-05-01,-0.008538260407846443,0.008538260407846443,STALLS
META,2026-05-07,2026-04-30,-0.07166813247336867,3.9758877272299142,0.8928571428571429,5,0.04494232733662806,0.30394276138618803,0.9238714714128611,0.39753422725290377,DOWN,STALL_RISK,7.2% down impulse; volume 4.0x; 5d range 4.5%; breakout score 0.40,2026-05-08,-0.011640525776495991,0.011640525776495991,STALLS
UPS,2026-05-07,2026-05-04,-0.11021803899322702,3.573686746987952,0.9464285714285714,3,0.04755495365648543,0.22004384820343703,1.1075582503908783,0.37554234382058155,DOWN,STALL_RISK,11.0% down impulse; volume 3.6x; 3d range 4.8%; breakout score 0.38,2026-05-08,0.0067932099454683925,-0.0067932099454683925,STALLS
V,2026-05-07,2026-04-30,0.0678580391211474,1.6091817453046267,0.875,5,0.05613209466514357,0.18375337018237026,1.0694794805967929,0.34252325524701777,UP,STALL_RISK,6.8% up impulse; volume 1.6x; 5d range 5.6%; breakout score 0.34,2026-05-08,-0.0077502186374368565,-0.0077502186374368565,STALLS
UNH,2026-05-14,2026-05-12,0.08937263299431053,1.3171006474060976,0.8928571428571429,2,0.028371485741690572,0.5461883113506294,0.7362922842632598,0.5295902747980925,UP,STALL_RISK,8.9% up impulse; volume 1.3x; 2d range 2.8%; breakout score 0.53,2026-05-15,-0.01312984610603607,-0.01312984610603607,STALLS
COST,2026-05-28,2026-05-26,-0.06831586577311499,1.521532446344688,0.8214285714285714,2,0.019350870343496585,0.9516635578057786,1.3865165252997953,0.9434677955240041,DOWN,CONTINUE_DOWN,6.8% down impulse; volume 1.5x; 2d range 1.9%; breakout score 0.94,2026-05-29,-0.03906752854291995,0.03906752854291995,GOES_AGAIN
WMT,2026-05-28,2026-05-21,-0.08394994573718695,3.093045307471692,0.9642857142857143,4,0.03937607640916885,0.6601728670700442,1.2308634171066044,0.7082936903703518,DOWN,CONTINUE_DOWN,8.4% down impulse; volume 3.1x; 4d range 3.9%; breakout score 0.71,2026-05-29,-0.02649286362871328,0.02649286362871328,GOES_AGAIN
HON,2026-05-28,2026-05-22,0.06884266417037699,1.3611499624404568,0.8392857142857143,3,0.03333188463168857,0.6162936310225985,1.0535373239254298,0.6421130065009049,UP,CONTINUE_UP,6.9% up impulse; volume 1.4x; 3d range 3.3%; breakout score 0.64,2026-05-29,0.02085838734926604,0.02085838734926604,GOES_AGAIN
AMAT,2026-05-28,2026-05-26,0.09991055103719315,1.34043173619269,0.875,2,0.0551055194443455,0.4732917418022711,0.7576052859907896,0.4828252764597477,UP,STALL_RISK,10.0% up impulse; volume 1.3x; 2d range 5.5%; breakout score 0.48,2026-05-29,0.0008450562377730897,0.0008450562377730897,STALLS
DE,2026-05-28,2026-05-21,-0.07533418829001093,2.798588727241049,0.9464285714285714,4,0.034918546448046595,0.0389907257510399,1.8698224852071006,0.32729350802572793,DOWN,STALL_RISK,7.5% down impulse; volume 2.8x; 4d range 3.5%; breakout score 0.33,2026-05-29,0.005899800882711137,-0.005899800882711137,STALLS
DE,2026-06-04,2026-06-02,0.09474222358901763,1.6820985116355562,0.875,2,0.050207649536189614,0.5584775437277454,1.28570390289992,0.6480750611894057,UP,CONTINUE_UP,9.5% up impulse; volume 1.7x; 2d range 5.0%; breakout score 0.65,2026-06-05,-0.01404308839644064,-0.01404308839644064,STALLS
COST,2026-06-04,2026-05-29,-0.08960916580808587,3.95375657506118,0.875,4,0.057126992175331015,0.33009409681658664,1.0678687703481091,0.4446396218412324,DOWN,STALL_RISK,9.0% down impulse; volume 4.0x; 4d range 5.7%; breakout score 0.44,2026-06-05,-0.0004936293318265061,0.0004936293318265061,STALLS
IBM,2026-06-11,2026-06-09,-0.15715463057862522,1.5646457014321322,0.9464285714285714,2,0.05257039311679179,0.40399712468415094,0.8157201752681905,0.44594202233254376,DOWN,STALL_RISK,15.7% down impulse; volume 1.6x; 2d range 5.3%; breakout score 0.45,2026-06-12,-0.009496146302276687,0.009496146302276687,STALLS
AAPL,2026-06-11,2026-06-09,-0.07820438914790317,1.589680391905665,0.7857142857142857,2,0.033474824113495005,0.14241120712627053,0.8848909124732777,0.2766660274830449,DOWN,STALL_RISK,7.8% down impulse; volume 1.6x; 2d range 3.3%; breakout score 0.28,2026-06-12,-0.015221729613622226,0.015221729613622226,STALLS
NFLX,2026-06-25,2026-06-22,-0.09285535753695706,2.2829303650875645,0.8928571428571429,3,0.043748214047689915,0.9870964725107858,1.1233552880994384,0.9156385883774377,DOWN,CONTINUE_DOWN,9.3% down impulse; volume 2.3x; 3d range 4.4%; breakout score 0.92,2026-06-26,0.041043666714910776,-0.041043666714910776,FAILS
CRM,2026-06-25,2026-06-23,-0.06763904391610165,1.5274444182343574,0.9107142857142857,2,0.055652633735933765,0.8297096775382483,0.7119519946185691,0.7231871732004875,DOWN,CONTINUE_DOWN,6.8% down impulse; volume 1.5x; 2d range 5.6%; breakout score 0.72,2026-06-26,0.05446429551109788,-0.05446429551109788,FAILS
ADBE,2026-06-25,2026-06-17,-0.15896822918546394,2.1174601921824747,0.9464285714285714,5,0.06464342973155679,0.732302175958921,1.000726362649138,0.7127567957010723,DOWN,CONTINUE_DOWN,15.9% down impulse; volume 2.1x; 5d range 6.5%; breakout score 0.71,2026-06-26,0.048187745664447945,-0.048187745664447945,FAILS
CAT,2026-07-09,2026-07-07,-0.09008019005913581,1.4123621536465574,0.8571428571428571,2,0.06257696514255784,0.7732294786287196,0.9993188784197979,0.7411244107240633,DOWN,CONTINUE_DOWN,9.0% down impulse; volume 1.4x; 2d range 6.3%; breakout score 0.74,2026-07-10,0.014940438705910664,-0.014940438705910664,STALLS
AAPL,2026-07-09,2026-07-02,0.1216791267635784,1.5919230074501765,0.9107142857142857,4,0.03104234130064132,0.9674713957710893,0.9420005461213152,0.8656300862640256,UP,CONTINUE_UP,12.2% up impulse; volume 1.6x; 4d range 3.1%; breakout score 0.87,2026-07-10,-0.0028461004775477416,-0.0028461004775477416,STALLS
ADBE,2026-07-09,2026-07-07,0.07319673083592715,1.5151914874906565,0.8035714285714286,2,0.04514529326248784,0.9937616681232849,0.6176815742882532,0.8191694825439501,UP,CONTINUE_UP,7.3% up impulse; volume 1.5x; 2d range 4.5%; breakout score 0.82,2026-07-10,0.004446465395477661,0.004446465395477661,STALLS
V,2026-07-09,2026-07-02,0.09563722897205196,1.3936825065496603,0.8035714285714286,4,0.05981062302658491,0.18349530384284907,0.7573600220112808,0.27991871709225047,UP,STALL_RISK,9.6% up impulse; volume 1.4x; 4d range 6.0%; breakout score 0.28,2026-07-10,0.0022113411449682374,0.0022113411449682374,STALLS
NFLX,2026-07-23,2026-07-20,-0.08438308549943851,1.6681885985715563,0.9464285714285714,3,0.05754527416027222,0.4375004967058468,1.0009091272822652,0.5064321731505457,DOWN,STALL_RISK,8.4% down impulse; volume 1.7x; 3d range 5.8%; breakout score 0.51,2026-07-24,0.017419029741238434,-0.017419029741238434,STALLS
TMO,2026-07-30,2026-07-28,0.10115376332338322,1.4703559227582197,0.8571428571428571,2,0.04303914180921398,0.6778623520302038,1.0967866915272295,0.6938609847265885,UP,CONTINUE_UP,10.1% up impulse; volume 1.5x; 2d range 4.3%; breakout score 0.69,2026-07-31,-0.004282524497872919,-0.004282524497872919,STALLS
RTX,2026-07-30,2026-07-27,0.1233285097019341,1.5348166190453885,0.9642857142857143,3,0.05707052382193667,0.41757378807515655,1.1650118413591435,0.5253040199244383,UP,STALL_RISK,12.3% up impulse; volume 1.5x; 3d range 5.7%; breakout score 0.53,2026-07-31,0.003918258787006801,0.003918258787006801,STALLS
UPS,2026-07-30,2026-07-28,-0.09291729326858378,2.833435771358328,0.8214285714285714,2,0.028396364066420654,0.16438481435999186,1.3828965839962564,0.39164868685124554,DOWN,STALL_RISK,9.3% down impulse; volume 2.8x; 2d range 2.8%; breakout score 0.39,2026-07-31,-0.009974308500487972,0.009974308500487972,STALLS
ABBV,2026-08-06,2026-08-04,-0.0737082380528673,1.4118805613195935,0.7678571428571429,2,0.03627694904937173,0.6948573521205357,0.8334685912808776,0.6530938647405504,DOWN,CONTINUE_DOWN,7.4% down impulse; volume 1.4x; 2d range 3.6%; breakout score 0.65,2026-08-07,0.008898176128238067,-0.008898176128238067,STALLS
MA,2026-08-06,2026-07-30,0.08874389392319837,1.4931992903607334,0.8035714285714286,5,0.0360122815625008,0.6175458439620735,1.013657667948998,0.6350136243632509,UP,CONTINUE_UP,8.9% up impulse; volume 1.5x; 5d range 3.6%; breakout score 0.64,2026-08-07,-0.0225714032892963,-0.0225714032892963,FAILS
ORCL,2026-08-06,2026-08-04,0.21490502338648576,1.403943377960303,0.9821428571428571,2,0.056660903555258324,0.6043256528179254,0.6260578647615378,0.5482395299248553,UP,STALL_RISK,21.5% up impulse; volume 1.4x; 2d range 5.7%; breakout score 0.55,2026-08-07,0.024743869948789854,0.024743869948789854,GOES_AGAIN
AAPL,2026-08-06,2026-07-31,-0.07239801257267076,2.691385436070782,0.7857142857142857,4,0.049681404675513186,0.25918534177849983,0.909489441009705,0.36332762744689084,DOWN,STALL_RISK,7.2% down impulse; volume 2.7x; 4d range 5.0%; breakout score 0.36,2026-08-07,0.0029447933784836344,-0.0029447933784836344,STALLS
AMZN,2026-08-06,2026-08-04,0.20168072725585473,1.6989831400256012,0.9642857142857143,2,0.04454621604253095,0.12686559610508574,0.6963675165164483,0.22807942057684968,UP,STALL_RISK,20.2% up impulse; volume 1.7x; 2d range 4.5%; breakout score 0.23,2026-08-07,0.00815397466052481,0.00815397466052481,STALLS
CSCO,2026-08-20,2026-08-13,-0.06130043184216993,2.7092444223418792,0.8571428571428571,5,0.04229602650556208,0.9220793589980711,0.6449191420741882,0.7744393797134874,DOWN,CONTINUE_DOWN,6.1% down impulse; volume 2.7x; 5d range 4.2%; breakout score 0.77,2026-08-21,0.013231176440284154,-0.013231176440284154,STALLS
META,2026-08-20,2026-08-18,-0.09255243133086433,1.580356726237693,1.0,2,0.03126917040267041,0.49047596557324047,0.9290093589378694,0.5291350476888422,DOWN,STALL_RISK,9.3% down impulse; volume 1.6x; 2d range 3.1%; breakout score 0.53,2026-08-21,0.007456547270739078,-0.007456547270739078,STALLS
BA,2026-08-27,2026-08-20,-0.06612250078784865,1.3879280663188283,0.8214285714285714,5,0.037182606033048904,0.8466493629070316,0.9024293916900424,0.7731404323729305,DOWN,CONTINUE_DOWN,6.6% down impulse; volume 1.4x; 5d range 3.7%; breakout score 0.77,2026-08-28,-0.00033347022551444283,0.00033347022551444283,STALLS
COP,2026-08-27,2026-08-20,0.0832798187130328,1.3884145482059538,0.9107142857142857,5,0.061562538146972656,0.19289382367976704,0.9790344099579222,0.33083255856742133,UP,STALL_RISK,8.3% up impulse; volume 1.4x; 5d range 6.2%; breakout score 0.33,2026-08-28,0.006408290639866587,0.006408290639866587,STALLS
DE,2026-09-10,2026-09-02,0.1005925856528036,1.8539952459316145,0.9821428571428571,5,0.05135534586678192,0.18967464419740848,0.9697344548903183,0.32671914191624957,UP,STALL_RISK,10.1% up impulse; volume 1.9x; 5d range 5.1%; breakout score 0.33,2026-09-11,-0.003245142931687983,-0.003245142931687983,STALLS
LRCX,2026-09-17,2026-09-14,-0.11103528145559871,1.4301661379587869,0.9821428571428571,3,0.0604062217818484,0.7542106836280736,1.4396710257458112,0.8158816836888138,DOWN,CONTINUE_DOWN,11.1% down impulse; volume 1.4x; 3d range 6.0%; breakout score 0.82,2026-09-18,0.06980798322898685,-0.06980798322898685,FAILS
AMGN,2026-09-17,2026-09-10,-0.1363246220224532,1.444559061914486,1.0,5,0.03346151542280329,0.575418368515014,1.3771420056623453,0.6782212590929788,DOWN,CONTINUE_DOWN,13.6% down impulse; volume 1.4x; 5d range 3.3%; breakout score 0.68,2026-09-18,0.015456304007728239,-0.015456304007728239,STALLS
GE,2026-09-17,2026-09-15,-0.08318657419755249,1.9277025415418865,0.9285714285714286,2,0.03239600958039213,0.5209991455078125,1.6146221696826408,0.6646994018554686,DOWN,CONTINUE_DOWN,8.3% down impulse; volume 1.9x; 2d range 3.2%; breakout score 0.66,2026-09-18,0.002552039397242023,-0.002552039397242023,STALLS
TMO,2026-09-17,2026-09-15,0.06362972019903079,1.6482168175373542,0.8214285714285714,2,0.0400783813859229,0.7946813259209574,2.51164737896594,0.85627692814467,UP,CONTINUE_UP,6.4% up impulse; volume 1.6x; 2d range 4.0%; breakout score 0.86,2026-09-18,-0.010435646859816683,-0.010435646859816683,STALLS
