ticker,asof,event_date,impulse_return_5d,impulse_volume_ratio,crowd_rank_abs_return,rank_universe_size,consolidation_days,consolidation_range,max_abs_daily_return,event_close_drift,consolidation_low,consolidation_high,asof_close,signed_position,recent_volume_ratio,median_dollar_volume_20,impulse_range,range_contraction_ratio,impulse_retention,direction,lean,reason,friday,friday_return,signed_return,outcome,overnight_return,signed_overnight_return,intraday_return,signed_intraday_return,intraday_outcome,closed_beyond_trend_boundary,touched_beyond_trend_boundary
ABBV,2026-03-26,2026-03-20,-0.06650576219348714,4.272285201725257,0.9285714285714286,56,4,0.04781959242096412,0.01901729211648351,0.029502060647043526,201.8000030517578,211.4499969482422,211.1199951171875,0.034197102567589344,0.673668869882675,1456520283.2702637,0.10494434066190061,0.4556662333514924,0.5859004887830556,DOWN,OPPOSITE_SIDE,"-6.7% / 5d; endpoint volume 4.27x; 4d pause, range 4.8%; trend-side position 3% (DOWN); latest volume 0.67x, descriptive only",2026-03-27,-0.008147031358864743,0.008147031358864743,STALLS,0.001421007288254561,-0.001421007288254561,-0.009554461687426241,0.009554461687426241,STALLS,False,False
MSFT,2026-03-26,2026-03-24,-0.06677352390576707,1.3952507354405623,0.9464285714285714,56,2,0.03250361466040386,0.013664314379738696,-0.01816276544251394,365.1900024414063,377.05999755859375,365.9700012207031,0.9342881971225582,1.1824585788322304,12532365583.69751,0.07032403783047059,0.4621977870320811,1.2538427298514858,DOWN,TREND_SIDE,"-6.7% / 5d; endpoint volume 1.40x; 2d pause, range 3.3%; trend-side position 93% (DOWN); latest volume 1.18x, descriptive only",2026-03-27,-0.02513870584021738,0.02513870584021738,GOES_AGAIN,-0.01112115012335202,0.01112115012335202,-0.014175200246839048,0.014175200246839048,STALLS,True,True
SBUX,2026-03-26,2026-03-20,-0.0665657929657062,1.650664727754231,0.9464285714285714,56,4,0.04728307205341875,0.01971649193242142,-0.014370629791453204,90.7300033569336,95.0199966430664,91.22000122070312,0.8857812049838342,0.8158705035014332,709164842.6822662,0.09073048935749806,0.5211376284670202,1.2015154755368005,DOWN,TREND_SIDE,"-6.7% / 5d; endpoint volume 1.65x; 4d pause, range 4.7%; trend-side position 89% (DOWN); latest volume 0.82x, descriptive only",2026-03-27,-0.048344700757452785,0.048344700757452785,GOES_AGAIN,-0.005152392177303011,0.005152392177303011,-0.04341600486398067,0.04341600486398067,GOES_AGAIN,True,True
UNH,2026-04-09,2026-04-07,0.17548417029645025,2.875481419798064,0.9821428571428571,56,2,0.029032636769194653,0.00568680316356196,-0.00266469728314922,304.1400146484375,312.9700012207031,306.9100036621094,0.3137025170992013,0.8217060919589576,1979494758.0200195,0.18971101672894686,0.15303611392624378,0.9821504727766478,UP,MID_RANGE,"+17.5% / 5d; endpoint volume 2.88x; 2d pause, range 2.9%; trend-side position 31% (UP); latest volume 0.82x, descriptive only",2026-04-10,-0.008406428787131381,-0.008406428787131381,STALLS,0.0033886433563985463,0.0033886433563985463,-0.011755237834937704,-0.011755237834937704,STALLS,False,False
META,2026-04-16,2026-04-14,0.15205635040007448,1.3006456510710362,0.9285714285714286,56,2,0.021498946021991205,0.013721002565265872,0.021705995705271208,664.219970703125,678.5,676.8699951171875,0.8858542339847156,0.6676879813645045,9207864948.394775,0.12576244956578853,0.17094884916935982,1.1644556779655693,UP,TREND_SIDE,"+15.2% / 5d; endpoint volume 1.30x; 2d pause, range 2.1%; trend-side position 89% (UP); latest volume 0.67x, descriptive only",2026-04-17,0.017255887777621215,0.017255887777621215,STALLS,0.002555853385775242,0.002555853385775242,0.014662559040677703,0.014662559040677703,STALLS,True,True
AMZN,2026-04-16,2026-04-14,0.16489684846089103,1.5638110646867214,0.9464285714285714,56,2,0.025552848366687808,0.004828961562342915,0.002730674902074348,244.1999969482422,250.44000244140625,249.6999969482422,0.8814094804924868,0.9286135418606094,9689246720.370483,0.14825607086103432,0.17235616874427626,1.0192905723625894,UP,TREND_SIDE,"+16.5% / 5d; endpoint volume 1.56x; 2d pause, range 2.6%; trend-side position 88% (UP); latest volume 0.93x, descriptive only",2026-04-17,0.003444135445983987,0.003444135445983987,STALLS,0.02118545698668317,0.02118545698668317,-0.01737326106567394,-0.01737326106567394,STALLS,True,True
NFLX,2026-04-23,2026-04-21,-0.1289047525931185,1.5153003954405726,0.9821428571428571,56,2,0.027913540820492688,0.00712892654635322,0.002592329434249807,92.06999969482422,94.63999938964844,92.81999969482422,0.7081711715723382,0.9946840168265241,3660218838.023758,0.17949543908911125,0.15551114257914317,0.982481903851786,DOWN,MID_RANGE,"-12.9% / 5d; endpoint volume 1.52x; 2d pause, range 2.8%; trend-side position 71% (DOWN); latest volume 0.99x, descriptive only",2026-04-24,-0.0040939156934641785,0.0040939156934641785,STALLS,-0.002693385055181574,0.002693385055181574,-0.0014043129939131926,0.0014043129939131926,STALLS,False,True
NKE,2026-04-23,2026-04-17,0.08000938369008348,2.004619085600433,0.7857142857142857,56,4,0.061708848070978206,0.019702309979558463,-0.027156203196820772,44.2400016784668,46.970001220703125,44.77999877929688,0.1978011690022984,0.7476205261072985,1046032623.2269287,0.11142785957962587,0.553800892378098,0.6334310686410624,UP,OPPOSITE_SIDE,"+8.0% / 5d; endpoint volume 2.00x; 4d pause, range 6.2%; trend-side position 20% (UP); latest volume 0.75x, descriptive only",2026-04-24,-0.0020098292773852444,-0.0020098292773852444,STALLS,0.004466296748357967,0.004466296748357967,-0.0064473303352312605,-0.0064473303352312605,STALLS,False,False
MRK,2026-04-23,2026-04-21,-0.06168724226704947,1.31330895851653,0.7857142857142857,56,2,0.031199531100726485,0.015324682135592571,0.018301396878726228,111.54000091552734,115.0199966430664,114.62000274658205,0.11494091596693512,0.7617278164613462,1101723315.7348633,0.07452413604660069,0.4186500207290844,0.7216209779438368,DOWN,OPPOSITE_SIDE,"-6.2% / 5d; endpoint volume 1.31x; 2d pause, range 3.1%; trend-side position 11% (DOWN); latest volume 0.76x, descriptive only",2026-04-24,-0.023730598111368906,0.023730598111368906,GOES_AGAIN,-0.007677585602210879,0.007677585602210879,-0.016177214457964384,0.016177214457964384,STALLS,False,True
LMT,2026-04-30,2026-04-24,-0.13296406543466743,2.2410678660814685,0.9642857142857143,56,4,0.051220161992735935,0.016005910405068935,0.008803113036583543,501.9500122070313,527.6599731445312,517.969970703125,0.37689681695597754,1.3169720587016003,733003492.2821045,0.18745034303490526,0.2732465631348468,0.9425964051730286,DOWN,MID_RANGE,"-13.3% / 5d; endpoint volume 2.24x; 4d pause, range 5.1%; trend-side position 38% (DOWN); latest volume 1.32x, descriptive only",2026-05-01,-0.01003909775853662,0.01003909775853662,STALLS,-3.853214900984003e-05,3.853214900984003e-05,-0.010000950967659628,0.010000950967659628,STALLS,False,False
RTX,2026-04-30,2026-04-24,-0.11281948818189613,1.9731407481146872,0.9464285714285714,56,4,0.030329530509317415,0.018982661991625793,0.010386852257772805,171.77999877929688,176.99000549316406,176.07000732421875,0.1765829142785179,1.4017971758664955,874167388.2377625,0.1559167613210024,0.19452386165766225,0.9183207347353606,DOWN,OPPOSITE_SIDE,"-11.3% / 5d; endpoint volume 1.97x; 4d pause, range 3.0%; trend-side position 18% (DOWN); latest volume 1.40x, descriptive only",2026-05-01,-0.01181349318185998,0.01181349318185998,STALLS,0.0009086635807635801,-0.0009086635807635801,-0.012710607096865334,0.012710607096865334,STALLS,False,False
HON,2026-04-30,2026-04-23,-0.06556806191647657,2.179959772433426,0.8214285714285714,56,5,0.03187711795387882,0.01916309196374688,-4.663310033736767e-05,218.45831298828125,225.4221343994141,224.78237915039065,0.09186841695863723,1.1257260232527615,812252834.3709106,0.13770870407110314,0.23148223032742873,1.0006645835953278,DOWN,OPPOSITE_SIDE,"-6.6% / 5d; endpoint volume 2.18x; 5d pause, range 3.2%; trend-side position 9% (DOWN); latest volume 1.13x, descriptive only",2026-05-01,-0.008538260407846443,0.008538260407846443,STALLS,0.003266030553368493,-0.003266030553368493,-0.011765863292215739,0.011765863292215739,STALLS,False,False
META,2026-05-07,2026-04-30,-0.07166813247336867,3.9758877272299142,0.8928571428571429,56,5,0.04494232733662806,0.013091745937741095,0.008007753802216744,598.0999755859375,624.97998046875,616.8099975585938,0.30394276138618803,0.8697532587302877,9450762751.950073,0.13749999999999996,0.3268532897209315,0.8962739395411515,DOWN,MID_RANGE,"-7.2% / 5d; endpoint volume 3.98x; 5d pause, range 4.5%; trend-side position 30% (DOWN); latest volume 0.87x, descriptive only",2026-05-08,-0.011640525776495991,0.011640525776495991,STALLS,-0.0026101803763476372,0.0026101803763476372,-0.009053977915631561,0.009053977915631561,STALLS,False,False
UPS,2026-05-07,2026-05-04,-0.11021803899322702,3.573686746987952,0.9464285714285714,56,3,0.04755495365648543,0.018558169679695258,0.03935210270586431,96.5199966430664,101.11000061035156,100.0999984741211,0.22004384820343703,1.1738185933253176,511698195.5783844,0.1444050062117006,0.32931651681638324,0.6823134267747619,DOWN,OPPOSITE_SIDE,"-11.0% / 5d; endpoint volume 3.57x; 3d pause, range 4.8%; trend-side position 22% (DOWN); latest volume 1.17x, descriptive only",2026-05-08,0.0067932099454683925,-0.0067932099454683925,STALLS,0.006293755168991,-0.006293755168991,0.0004963309907388691,-0.0004963309907388691,STALLS,False,False
V,2026-05-07,2026-04-30,0.0678580391211474,1.6091817453046267,0.875,56,5,0.05613209466514357,0.01474684789417513,-0.025951969602330482,318.0,335.8500061035156,321.2799987792969,0.18375337018237026,1.107777923369226,2019382672.102356,0.12308706399450942,0.4560356941136192,0.5916030034201251,UP,OPPOSITE_SIDE,"+6.8% / 5d; endpoint volume 1.61x; 5d pause, range 5.6%; trend-side position 18% (UP); latest volume 1.11x, descriptive only",2026-05-08,-0.0077502186374368565,-0.0077502186374368565,STALLS,-0.0009026660421556087,-0.0009026660421556087,-0.00685373923294863,-0.00685373923294863,STALLS,False,False
UNH,2026-05-14,2026-05-12,0.08937263299431053,1.3171006474060976,0.8928571428571429,56,2,0.028371485741690572,0.0120335751088545,0.00681142710380267,393.0,404.1499938964844,399.0899963378906,0.5461883113506294,0.7362922842632598,2622685183.8409424,0.10933709261056346,0.25948637433358546,1.083025217339079,UP,MID_RANGE,"+8.9% / 5d; endpoint volume 1.32x; 2d pause, range 2.8%; trend-side position 55% (UP); latest volume 0.74x, descriptive only",2026-05-15,-0.01312984610603607,-0.01312984610603607,STALLS,-0.012002326765580773,-0.012002326765580773,-0.0011412165949379327,-0.0011412165949379327,STALLS,False,False
WMT,2026-05-28,2026-05-21,-0.08394994573718695,3.093045307471692,0.9642857142857143,56,4,0.03937607640916885,0.014134838244715286,-0.02010874308267785,117.33000183105467,121.9499969482422,118.9000015258789,0.6601728670700442,1.2661341581649839,2283425296.66214,0.12268464446666427,0.320953584536556,1.2194237891434916,DOWN,MID_RANGE,"-8.4% / 5d; endpoint volume 3.09x; 4d pause, range 3.9%; trend-side position 66% (DOWN); latest volume 1.27x, descriptive only",2026-05-29,-0.02649286362871328,0.02649286362871328,GOES_AGAIN,-0.00664424647089179,0.00664424647089179,-0.019981378360476643,0.019981378360476643,STALLS,True,True
HON,2026-05-28,2026-05-22,0.06884266417037699,1.3748594302371637,0.8392857142857143,56,3,0.03333188463168857,0.016672468196964108,0.02228847293913283,239.44415283203125,247.4252777099609,244.3628692626953,0.6162936310225985,1.0535373239254298,908397689.7967529,0.07496950919450529,0.4446058803080913,1.3460480660305856,UP,MID_RANGE,"+6.9% / 5d; endpoint volume 1.37x; 3d pause, range 3.3%; trend-side position 62% (UP); latest volume 1.05x, descriptive only",2026-05-29,0.02085838734926604,0.02085838734926604,GOES_AGAIN,0.0,0.0,0.02085838734926604,0.02085838734926604,GOES_AGAIN,True,True
AMAT,2026-05-28,2026-05-26,0.09991055103719315,1.34043173619269,0.875,56,2,0.0551055194443455,0.01459696725497317,-0.011453366319071123,438.25,462.3999938964844,449.6799926757813,0.4732917418022711,0.7576052859907896,3141407987.023926,0.14950802625293558,0.36857900425438533,0.873910429594661,UP,MID_RANGE,"+10.0% / 5d; endpoint volume 1.34x; 2d pause, range 5.5%; trend-side position 47% (UP); latest volume 0.76x, descriptive only",2026-05-29,0.0008450562377730897,0.0008450562377730897,STALLS,0.006871545072538954,0.006871545072538954,-0.005985360162632847,-0.005985360162632847,STALLS,False,False
DE,2026-05-28,2026-05-21,-0.07533418829001093,2.798588727241049,0.9464285714285714,56,4,0.034918546448046595,0.018152940338219903,0.01439733653064823,521.5,539.7100219726562,539.0,0.0389907257510399,1.9240687679083095,565967579.5013428,0.11155967772396402,0.3130032925914932,0.8232844187777753,DOWN,OPPOSITE_SIDE,"-7.5% / 5d; endpoint volume 2.80x; 4d pause, range 3.5%; trend-side position 4% (DOWN); latest volume 1.92x, descriptive only",2026-05-29,0.005899800882711137,-0.005899800882711137,STALLS,-0.005064898828849751,0.005064898828849751,0.011020517517830175,-0.011020517517830175,STALLS,False,False
COST,2026-05-28,2026-05-26,-0.06831586577311499,1.521532446344688,0.8214285714285714,56,2,0.019350870343496585,0.008458777325393019,-0.007707397849501585,994.27001953125,1013.510009765625,995.2000122070312,0.9516635578057787,1.3882760640374854,2071180471.496582,0.10072682055145221,0.192112391094604,1.1051126295669524,DOWN,TREND_SIDE,"-6.8% / 5d; endpoint volume 1.52x; 2d pause, range 1.9%; trend-side position 95% (DOWN); latest volume 1.39x, descriptive only",2026-05-29,-0.03906752854291995,0.03906752854291995,GOES_AGAIN,-0.00867162859420989,0.00867162859420989,-0.03066178758266147,0.03066178758266147,GOES_AGAIN,True,True
DE,2026-06-04,2026-06-02,0.09474222358901763,1.6820985116355562,0.875,56,2,0.050207649536189614,0.01560634963719254,0.021579628830384223,575.6099853515625,604.510009765625,591.75,0.5584775437277454,1.3620789220404235,725362793.8049316,0.11150668340125924,0.4502658316498957,1.2493516613297944,UP,MID_RANGE,"+9.5% / 5d; endpoint volume 1.68x; 2d pause, range 5.0%; trend-side position 56% (UP); latest volume 1.36x, descriptive only",2026-06-05,-0.01404308839644064,-0.01404308839644064,STALLS,-0.0018420394684727226,-0.0018420394684727226,-0.012223565217544086,-0.012223565217544086,STALLS,False,False
COST,2026-06-04,2026-05-29,-0.08960916580808587,3.95375657506118,0.875,56,4,0.057126992175331015,0.010937440409609422,0.01676213834171536,936.510009765625,990.010009765625,972.3499755859376,0.33009409681658664,1.0678687703481091,2224122743.2495117,0.10597070299626488,0.5390828838546495,0.829703836988765,DOWN,MID_RANGE,"-9.0% / 5d; endpoint volume 3.95x; 4d pause, range 5.7%; trend-side position 33% (DOWN); latest volume 1.07x, descriptive only",2026-06-05,-0.0004936293318265061,0.0004936293318265061,STALLS,0.005296471994004959,-0.005296471994004959,-0.0057595957880434145,0.0057595957880434145,STALLS,False,False
IBM,2026-06-11,2026-06-09,-0.15715463057862522,1.5878967362084313,0.9464285714285714,56,2,0.05257039311679179,0.01848717093715546,-0.009513799501847164,266.5,280.510009765625,274.8500061035156,0.40399712468415094,0.8157201752681905,2433354827.3628235,0.17328312052547523,0.30337861505133246,1.0510240253577734,DOWN,MID_RANGE,"-15.7% / 5d; endpoint volume 1.59x; 2d pause, range 5.3%; trend-side position 40% (DOWN); latest volume 0.82x, descriptive only",2026-06-12,-0.009496146302276687,0.009496146302276687,STALLS,0.01488083044229671,-0.01488083044229671,-0.024019545953931964,0.024019545953931964,GOES_AGAIN,False,False
AAPL,2026-06-11,2026-06-09,-0.07820438914790317,1.6118206804432065,0.7857142857142857,56,2,0.033474824113495005,0.013889904990249002,0.01748414146712518,287.3800048828125,297.0,295.6300048828125,0.14241120712627053,0.8771477990693343,15016285212.319946,0.10292582960188112,0.3252324925917644,0.7939143181154145,DOWN,OPPOSITE_SIDE,"-7.8% / 5d; endpoint volume 1.61x; 2d pause, range 3.3%; trend-side position 14% (DOWN); latest volume 0.88x, descriptive only",2026-06-12,-0.015221729613622226,0.015221729613622226,STALLS,0.0013530219865298676,-0.0013530219865298676,-0.016552355898692306,0.016552355898692306,STALLS,False,False
ADBE,2026-06-25,2026-06-17,-0.15896822918546394,2.133626260015508,0.9464285714285714,56,5,0.06464342973155679,0.016075716255620653,-0.014621943830428918,190.1199951171875,202.41000366210935,193.41000366210935,0.732302175958921,1.0041203934218028,1510841418.7805176,0.19218539076215024,0.3363597486531111,1.0773583462272143,DOWN,MID_RANGE,"-15.9% / 5d; endpoint volume 2.13x; 5d pause, range 6.5%; trend-side position 73% (DOWN); latest volume 1.00x, descriptive only",2026-06-26,0.048187745664447945,-0.048187745664447945,REVERSES,0.010702611169203013,-0.010702611169203013,0.03708819397615026,-0.03708819397615026,REVERSES,False,False
NFLX,2026-06-25,2026-06-22,-0.09285535753695706,2.3119974349671355,0.8928571428571429,56,3,0.043748214047689915,0.013457887407863467,-0.027167889711277482,70.86000061035156,73.95999908447266,70.9000015258789,0.9870964725107858,1.137584364994254,3279784311.820984,0.14092749046989672,0.3104306611990291,1.2654150094549277,DOWN,TREND_SIDE,"-9.3% / 5d; endpoint volume 2.31x; 3d pause, range 4.4%; trend-side position 99% (DOWN); latest volume 1.14x, descriptive only",2026-06-26,0.041043666714910776,-0.041043666714910776,REVERSES,0.011142466833925058,-0.011142466833925058,0.02957169821440897,-0.02957169821440897,REVERSES,False,False
CRM,2026-06-25,2026-06-23,-0.06763904391610165,1.534076901150889,0.9107142857142857,56,2,0.055652633735933765,0.016823724521112582,-0.021053290093135058,148.77999877929688,157.05999755859375,150.19000244140625,0.8297096775382483,0.6852801553947954,2751086324.569702,0.13654999130274104,0.4075623381955984,1.2902061375127498,DOWN,TREND_SIDE,"-6.8% / 5d; endpoint volume 1.53x; 2d pause, range 5.6%; trend-side position 83% (DOWN); latest volume 0.69x, descriptive only",2026-06-26,0.05446429551109788,-0.05446429551109788,REVERSES,0.008655722955094758,-0.008655722955094758,0.04541546883984959,-0.04541546883984959,REVERSES,False,False
V,2026-07-09,2026-07-02,0.09563722897205196,1.4004937144161755,0.8035714285714286,56,4,0.05981062302658491,0.014135725102781715,-0.03846682817760183,344.4200134277344,365.0199890136719,348.20001220703125,0.1834953038428491,0.7573600220112808,2905551422.3495483,0.09259595165140566,0.6459312956980333,0.5593171248806474,UP,OPPOSITE_SIDE,"+9.6% / 5d; endpoint volume 1.40x; 4d pause, range 6.0%; trend-side position 18% (UP); latest volume 0.76x, descriptive only",2026-07-10,0.0022113411449682374,0.0022113411449682374,STALLS,0.006978726566891691,0.006978726566891691,-0.0047343457176866055,-0.0047343457176866055,STALLS,False,False
ADBE,2026-07-09,2026-07-07,0.07319673083592715,1.5151914874906565,0.8035714285714286,56,2,0.04514529326248784,0.007739619064825787,0.005010384779230215,213.08999633789065,222.7100067138672,222.6499938964844,0.9937616681232849,0.6176815742882532,1579466014.4073486,0.14619248070878554,0.3088072180156582,1.0734613213444315,UP,TREND_SIDE,"+7.3% / 5d; endpoint volume 1.52x; 2d pause, range 4.5%; trend-side position 99% (UP); latest volume 0.62x, descriptive only",2026-07-10,0.004446465395477661,0.004446465395477661,STALLS,0.01729174133867506,0.01729174133867506,-0.012626934262037759,-0.012626934262037759,STALLS,True,True
AAPL,2026-07-09,2026-07-02,0.1216791267635784,1.5919230074501765,0.9107142857142857,56,4,0.03104234130064132,0.01305770247720095,0.02459254193633109,307.0,316.5299987792969,316.2200012207031,0.9674713957710893,0.918369683657716,15350138470.103455,0.12840532099438273,0.2417527642954867,1.2267023251871114,UP,TREND_SIDE,"+12.2% / 5d; endpoint volume 1.59x; 4d pause, range 3.1%; trend-side position 97% (UP); latest volume 0.92x, descriptive only",2026-07-10,-0.0028461004775477416,-0.0028461004775477416,STALLS,-0.0047435329650545865,-0.0047435329650545865,0.0019064759188751612,0.0019064759188751612,STALLS,False,True
CAT,2026-07-09,2026-07-07,-0.09008019005913581,1.4123621536465574,0.8571428571428571,56,2,0.06257696514255784,0.010220658875555566,-0.0018401698482483075,925.260009765625,983.1599731445312,938.3900146484376,0.7732294786287196,1.0075973273432246,3344899344.580078,0.18023586507347455,0.3471948555691058,1.0185879603215513,DOWN,TREND_SIDE,"-9.0% / 5d; endpoint volume 1.41x; 2d pause, range 6.3%; trend-side position 77% (DOWN); latest volume 1.01x, descriptive only",2026-07-10,0.014940438705910664,-0.014940438705910664,STALLS,-0.008216223374398202,0.008216223374398202,0.02334849855993415,-0.02334849855993415,REVERSES,False,False
NFLX,2026-07-23,2026-07-20,-0.08438308549943851,1.6710879861397074,0.9464285714285714,56,3,0.05754527416027222,0.015828398209710715,0.019082854210731748,66.7300033569336,70.56999969482422,68.88999938964844,0.4375004967058468,1.0006033071900218,3338912914.891815,0.1533496534534029,0.37525532574977766,0.7929373642966572,DOWN,MID_RANGE,"-8.4% / 5d; endpoint volume 1.67x; 3d pause, range 5.8%; trend-side position 44% (DOWN); latest volume 1.00x, descriptive only",2026-07-24,0.017419029741238434,-0.017419029741238434,STALLS,0.005806380162909575,-0.005806380162909575,0.011545611369504272,-0.011545611369504272,STALLS,False,False
TMO,2026-07-30,2026-07-28,0.10115376332338322,1.4703559227582197,0.8571428571428571,56,2,0.04303914180921398,0.0005377607236889403,0.0006246359422870107,560.4199829101562,584.5399780273438,576.77001953125,0.6778623520302038,1.0967866915272295,1113121360.079956,0.13709433021577633,0.31393816025413707,1.0067997491735174,UP,MID_RANGE,"+10.1% / 5d; endpoint volume 1.47x; 2d pause, range 4.3%; trend-side position 68% (UP); latest volume 1.10x, descriptive only",2026-07-31,-0.004282524497872919,-0.004282524497872919,STALLS,-0.005842874981481061,-0.005842874981481061,0.0015695209985837622,0.0015695209985837622,STALLS,False,False
RTX,2026-07-30,2026-07-27,0.1233285097019341,1.5840085081697766,0.9642857142857143,56,3,0.05707052382193667,0.015234704927985732,-0.018496444098529463,209.38999938964844,221.33999633789065,214.3800048828125,0.41757378807515655,1.211301472798317,852844593.132019,0.15982525225944832,0.357080767995865,0.8315265218544968,UP,MID_RANGE,"+12.3% / 5d; endpoint volume 1.58x; 3d pause, range 5.7%; trend-side position 42% (UP); latest volume 1.21x, descriptive only",2026-07-31,0.003918258787006801,0.003918258787006801,STALLS,-0.004804546859955239,-0.004804546859955239,0.008764917101901748,0.008764917101901748,STALLS,False,False
UPS,2026-07-30,2026-07-28,-0.09291729326858378,2.833435771358328,0.8214285714285714,56,2,0.028396364066420654,0.009191710716606294,-0.002463774654013151,102.83000183105467,105.75,105.2699966430664,0.16438481435999186,1.4044196269454674,470571440.7279968,0.1405568533116559,0.20202760233581465,1.024052006933505,DOWN,OPPOSITE_SIDE,"-9.3% / 5d; endpoint volume 2.83x; 2d pause, range 2.8%; trend-side position 16% (DOWN); latest volume 1.40x, descriptive only",2026-07-31,-0.009974308500487972,0.009974308500487972,STALLS,0.004464721532163818,-0.004464721532163818,-0.014374850328866873,0.014374850328866873,STALLS,False,False
ABBV,2026-08-06,2026-08-04,-0.0737082380528673,1.4118805613195935,0.7678571428571429,56,2,0.03627694904937173,0.009844109378353227,0.00028708804164701007,241.1999969482422,249.9499969482422,243.8699951171875,0.6948573521205357,0.8243283460945321,1411260245.1881409,0.10346962289784045,0.3506048251977236,0.9963921632784043,DOWN,MID_RANGE,"-7.4% / 5d; endpoint volume 1.41x; 2d pause, range 3.6%; trend-side position 69% (DOWN); latest volume 0.82x, descriptive only",2026-08-07,0.008898176128238067,-0.008898176128238067,STALLS,-0.001025136363659085,0.001025136363659085,0.009933495679536719,-0.009933495679536719,STALLS,False,False
MA,2026-08-06,2026-07-30,0.08874389392319837,1.4931992903607334,0.8035714285714286,56,5,0.0360122815625008,0.009588472734462394,-0.002424808934105238,563.4199829101562,583.7100219726562,575.9500122070312,0.6175458439620735,1.0294995819897288,1596881162.942505,0.09992635774098146,0.36038821364677404,0.9702515203668853,UP,MID_RANGE,"+8.9% / 5d; endpoint volume 1.49x; 5d pause, range 3.6%; trend-side position 62% (UP); latest volume 1.03x, descriptive only",2026-08-07,-0.0225714032892963,-0.0225714032892963,REVERSES,-0.005868573333057792,-0.005868573333057792,-0.016801430382538673,-0.016801430382538673,STALLS,False,False
ORCL,2026-08-06,2026-08-04,0.21490502338648576,1.403943377960303,0.9821428571428571,56,2,0.056660903555258324,0.009263112753065905,-0.015575711451221386,138.72000122070312,146.5800018310547,143.47000122070312,0.6043256528179254,0.6260578647615378,4759237279.011536,0.2796901966742402,0.2025845175447898,0.9119471020885537,UP,MID_RANGE,"+21.5% / 5d; endpoint volume 1.40x; 2d pause, range 5.7%; trend-side position 60% (UP); latest volume 0.63x, descriptive only",2026-08-07,0.024743869948789854,0.024743869948789854,GOES_AGAIN,0.012894724247403566,0.012894724247403566,0.011698299357014053,0.011698299357014053,STALLS,True,True
AAPL,2026-08-06,2026-07-31,-0.07239801257267076,2.6994079151114083,0.7857142857142857,56,4,0.049681404675513186,0.019642710405777475,0.0113301607539662,301.32000732421875,316.2900085449219,312.4100036621094,0.25918534177849983,0.909489441009705,17087149409.425354,0.14856669108072906,0.3344047330805598,0.854831931709441,DOWN,MID_RANGE,"-7.2% / 5d; endpoint volume 2.70x; 4d pause, range 5.0%; trend-side position 26% (DOWN); latest volume 0.91x, descriptive only",2026-08-07,0.0029447933784836344,-0.0029447933784836344,STALLS,-0.0030728576032297283,0.0030728576032297283,0.006036199362819961,-0.006036199362819961,STALLS,False,False
AMZN,2026-08-06,2026-08-04,0.20168072725585473,1.7136977937536164,0.9642857142857143,56,2,0.04454621604253095,0.017194215631067156,-0.018599969044603593,270.7300109863281,282.7900085449219,272.260009765625,0.12686559610508577,0.6963675165164483,10233936851.887514,0.26989745116964947,0.16504867255871392,0.8891752095870787,UP,OPPOSITE_SIDE,"+20.2% / 5d; endpoint volume 1.71x; 2d pause, range 4.5%; trend-side position 13% (UP); latest volume 0.70x, descriptive only",2026-08-07,0.00815397466052481,0.00815397466052481,STALLS,0.002240451515768349,0.002240451515768349,0.005900303800163931,0.005900303800163931,STALLS,False,False
META,2026-08-20,2026-08-18,-0.09255243133086433,1.5918792999112845,1.0,56,2,0.03126917040267041,0.004340953999494079,0.003973061319525684,537.27001953125,554.0700073242188,545.8300170898438,0.49047596557324047,0.9107842203918968,9085701854.214478,0.1128292475252397,0.27713709954216925,0.9610453795461275,DOWN,MID_RANGE,"-9.3% / 5d; endpoint volume 1.59x; 2d pause, range 3.1%; trend-side position 49% (DOWN); latest volume 0.91x, descriptive only",2026-08-21,0.007456547270739078,-0.007456547270739078,STALLS,0.0019419920587095962,-0.0019419920587095962,0.0055038667465157065,-0.0055038667465157065,STALLS,False,False
CSCO,2026-08-20,2026-08-13,-0.06130043184216993,2.7092444223418792,0.8571428571428571,56,5,0.04229602650556208,0.01577510263744275,-0.034194102767882706,109.2300033569336,113.8499984741211,109.58999633789062,0.9220793589980711,0.6449191420741882,2241449733.6219788,0.11867595379576401,0.3563992970164086,1.5236176734349705,DOWN,TREND_SIDE,"-6.1% / 5d; endpoint volume 2.71x; 5d pause, range 4.2%; trend-side position 92% (DOWN); latest volume 0.64x, descriptive only",2026-08-21,0.013231176440284154,-0.013231176440284154,STALLS,0.011497419274890675,-0.011497419274890675,0.001714050013727375,-0.001714050013727375,STALLS,False,False
COP,2026-08-27,2026-08-20,0.0832798187130328,1.3884145482059538,0.9107142857142857,56,5,0.061562538146972656,0.011323657266673282,-0.03981017971299361,128.0,135.8800048828125,129.52000427246094,0.192893823679767,0.9879058207398531,828806310.4156494,0.08574393303398598,0.7179812724775684,0.4821606851591762,UP,OPPOSITE_SIDE,"+8.3% / 5d; endpoint volume 1.39x; 5d pause, range 6.2%; trend-side position 19% (UP); latest volume 0.99x, descriptive only",2026-08-28,0.006408290639866587,0.006408290639866587,STALLS,0.0033198939283287654,0.0033198939283287654,0.003078177488782474,0.003078177488782474,STALLS,False,False
BA,2026-08-27,2026-08-20,-0.06612250078784865,1.3879280663188283,0.8214285714285714,56,5,0.037182606033048904,0.01746027211792489,-0.02422132294761481,208.6999969482422,216.4600067138672,209.88999938964844,0.8466493629070316,0.8342757639304973,1192458952.5627136,0.09018306556576094,0.4123014204472299,1.3420885210391984,DOWN,TREND_SIDE,"-6.6% / 5d; endpoint volume 1.39x; 5d pause, range 3.7%; trend-side position 85% (DOWN); latest volume 0.83x, descriptive only",2026-08-28,-0.00033347022551444283,0.00033347022551444283,STALLS,0.00047646912099885697,-0.00047646912099885697,-0.0008095536192119779,0.0008095536192119779,STALLS,False,True
DE,2026-09-10,2026-09-02,0.1005925856528036,1.8539952459316145,0.9821428571428571,56,5,0.05135534586678192,0.01845637288568769,-0.02925382364451823,671.4000244140625,705.8800048828125,677.9400024414062,0.18967464419740848,0.9697344548903183,739081133.7921143,0.1351727770218829,0.379923731673191,0.6799312673373552,UP,OPPOSITE_SIDE,"+10.1% / 5d; endpoint volume 1.85x; 5d pause, range 5.1%; trend-side position 19% (UP); latest volume 0.97x, descriptive only",2026-09-11,-0.003245142931687983,-0.003245142931687983,STALLS,0.011770924329604915,0.011770924329604915,-0.01484137061088453,-0.01484137061088453,STALLS,False,False
AMGN,2026-09-17,2026-09-10,-0.1363246220224532,1.444559061914486,1.0,56,5,0.03346151542280329,0.015334223076056697,-0.007033237725366015,374.4599914550781,386.989990234375,379.7799987792969,0.575418368515014,1.3771420056623453,1006821261.5203857,0.1685669993248715,0.1985057309961034,1.044558599618644,DOWN,MID_RANGE,"-13.6% / 5d; endpoint volume 1.44x; 5d pause, range 3.3%; trend-side position 58% (DOWN); latest volume 1.38x, descriptive only",2026-09-18,0.015456304007728239,-0.015456304007728239,STALLS,-0.003344012369671745,0.003344012369671745,0.018863395806310246,-0.018863395806310246,STALLS,False,False
GE,2026-09-17,2026-09-15,-0.08318657419755249,1.9277025415418865,0.9285714285714286,56,2,0.03239600958039213,0.01905229225236127,0.020908691362863996,308.67999267578125,318.67999267578125,313.4700012207031,0.5209991455078125,1.6146221696826408,1109199553.8238525,0.08233380303349502,0.39347155587132043,0.7695617454817908,DOWN,MID_RANGE,"-8.3% / 5d; endpoint volume 1.93x; 2d pause, range 3.2%; trend-side position 52% (DOWN); latest volume 1.61x, descriptive only",2026-09-18,0.002552039397242023,-0.002552039397242023,STALLS,0.0005104273502609669,-0.0005104273502609669,0.0020405704839958627,-0.0020405704839958627,STALLS,False,False
TMO,2026-09-17,2026-09-15,0.06362972019903079,1.6482168175373542,0.8214285714285714,56,2,0.0400783813859229,0.015252247366945193,0.026395784607063266,638.0,663.5700073242188,658.3200073242188,0.7946813259209574,2.51164737896594,1034952990.802002,0.07926761507402724,0.5056085180372097,1.4412299929691055,UP,TREND_SIDE,"+6.4% / 5d; endpoint volume 1.65x; 2d pause, range 4.0%; trend-side position 79% (UP); latest volume 2.51x, descriptive only",2026-09-18,-0.010435646859816683,-0.010435646859816683,STALLS,-0.002597554310413197,-0.002597554310413197,-0.007858505444093278,-0.007858505444093278,STALLS,False,False
LRCX,2026-09-17,2026-09-14,-0.11103528145559871,1.4301661379587869,0.9821428571428571,56,3,0.0604062217818484,0.009579857438081096,-0.015283896394888696,265.3699951171875,281.3999938964844,269.3099975585937,0.7542106836280736,1.4396710257458112,2253237205.2001953,0.17921974444040378,0.3370511545503033,1.1223651120511382,DOWN,TREND_SIDE,"-11.1% / 5d; endpoint volume 1.43x; 3d pause, range 6.0%; trend-side position 75% (DOWN); latest volume 1.44x, descriptive only",2026-09-18,0.06980798322898685,-0.06980798322898685,REVERSES,0.01893730700586449,-0.01893730700586449,0.049925226874463435,-0.049925226874463435,REVERSES,False,False
