group,observations,weeks,goes_again,stalls,reverses,goes_again_rate,reversal_rate,large_move_rate,always_stall_accuracy,mean_signed_return_bps,mean_signed_overnight_return_bps,mean_signed_intraday_return_bps,median_signed_return_bps,intraday_goes_again_rate,close_breakout_rate,touch_breakout_rate
ALL_SETUPS,50,19,7,38,5,0.14,0.1,0.24,0.76,-10.592752771878544,2.4274146720680845,-12.457823837457504,4.135497786704745,0.08,0.18,0.26
MID_RANGE,22,14,3,17,2,0.13636363636363635,0.09090909090909091,0.22727272727272727,0.7727272727272727,-23.966443568520763,-12.234459782545429,-11.730571286819211,-27.484163878628287,0.09090909090909091,0.13636363636363635,0.18181818181818182
OPPOSITE_SIDE,14,11,1,13,0,0.07142857142857142,0.0,0.07142857142857142,0.9285714285714286,48.92916138908592,16.363508119846706,32.65728546118372,72.77660999365665,0.0,0.0,0.07142857142857142
TREND_SIDE,14,8,3,8,3,0.21428571428571427,0.21428571428571427,0.42857142857142855,0.5714285714285714,-49.098867109548095,11.531409652967838,-58.71575857281604,-12.563151260166494,0.14285714285714285,0.42857142857142855,0.5714285714285714
MID_RANGE / DOWN,13,11,1,11,1,0.07692307692307693,0.07692307692307693,0.15384615384615385,0.8461538461538461,-31.27573622831089,-15.161817530302631,-15.993516496289713,-25.52039397242023,0.07692307692307693,0.07692307692307693,0.15384615384615385
MID_RANGE / UP,9,6,2,6,1,0.2222222222222222,0.1111111111111111,0.3333333333333333,0.6666666666666666,-13.408576393268362,-8.006054146896133,-5.572983762028491,-42.825244978729195,0.1111111111111111,0.2222222222222222,0.2222222222222222
OPPOSITE_SIDE / DOWN,8,7,1,7,0,0.125,0.0,0.125,0.875,80.91551293233843,-6.205894598763361,87.02313031682729,92.56284454167208,0.0,0.0,0.125
OPPOSITE_SIDE / UP,6,6,0,6,0,0.0,0.0,0.0,1.0,6.280692664749251,46.456045077993465,-39.83050767967437,1.007559337914965,0.0,0.0,0.0
TREND_SIDE / DOWN,9,7,3,3,3,0.3333333333333333,0.3333333333333333,0.6666666666666666,0.3333333333333333,-89.55906137231752,-19.49776769056746,-67.68044021076706,-132.31176440284153,0.2222222222222222,0.3333333333333333,0.4444444444444444
TREND_SIDE / UP,5,3,0,5,0,0.0,0.0,0.0,1.0,23.72948256343688,67.38392887133138,-42.57933162450422,34.44135445983987,0.0,0.6,0.8
