asof,available_symbols,setups,evaluated,missing_friday
2024-09-26,431,26,26,0
2024-10-03,431,20,20,0
2024-10-10,431,18,18,0
2024-10-17,431,9,9,0
2024-10-24,431,26,26,0
2024-10-31,431,43,43,0
2024-11-07,431,59,59,0
2024-11-14,431,91,91,0
2024-11-21,431,52,52,0
2024-11-28,0,0,0,0
2024-12-05,431,9,9,0
2024-12-12,431,19,19,0
2024-12-19,431,29,29,0
2024-12-26,431,57,57,0
2025-01-02,431,12,12,0
2025-01-09,0,0,0,0
2025-01-16,431,13,13,0
2025-01-23,431,36,36,0
2025-01-30,431,33,33,0
2025-02-06,431,44,44,0
2025-02-13,431,49,49,0
2025-02-20,431,44,44,0
2025-02-27,431,42,42,0
2025-03-06,431,29,29,0
2025-03-13,431,79,79,0
2025-03-20,431,42,42,0
2025-03-27,431,8,8,0
2025-04-03,431,4,4,0
2025-04-10,431,250,250,0
2025-04-17,431,38,0,38
2025-04-24,431,8,8,0
2025-05-01,431,10,10,0
2025-05-08,431,4,4,0
2025-05-15,431,18,18,0
2025-05-22,431,16,16,0
2025-05-29,431,11,11,0
2025-06-05,431,15,15,0
2025-06-12,431,10,10,0
2025-06-19,0,0,0,0
2025-06-26,431,25,25,0
2025-07-03,431,19,0,19
2025-07-10,431,22,22,0
2025-07-17,431,11,11,0
2025-07-24,431,21,21,0
2025-07-31,431,47,47,0
2025-08-07,431,74,74,0
2025-08-14,431,36,36,0
2025-08-21,431,10,10,0
2025-08-28,431,10,10,0
2025-09-04,431,14,14,0
2025-09-11,431,11,11,0
2025-09-18,431,13,13,0
2025-09-25,431,26,26,0
2025-10-02,431,18,18,0
2025-10-09,431,25,25,0
2025-10-16,431,10,10,0
2025-10-23,431,21,21,0
2025-10-30,431,27,27,0
2025-11-06,431,90,90,0
2025-11-13,431,43,43,0
2025-11-20,431,11,11,0
2025-11-27,0,0,0,0
2025-12-04,431,13,13,0
2025-12-11,431,18,18,0
2025-12-18,431,21,21,0
2025-12-25,0,0,0,0
2026-01-01,0,0,0,0
2026-01-08,431,2,2,0
2026-01-15,431,26,26,0
2026-01-22,431,41,41,0
2026-01-29,431,27,27,0
2026-02-05,431,64,64,0
2026-02-12,431,113,113,0
2026-02-19,431,65,65,0
2026-02-26,431,22,22,0
2026-03-05,431,9,9,0
2026-03-12,431,22,22,0
2026-03-19,431,16,16,0
2026-03-26,431,13,13,0
2026-04-02,431,5,0,5
2026-04-09,431,6,6,0
2026-04-16,431,3,3,0
2026-04-23,431,9,9,0
2026-04-30,431,26,26,0
2026-05-07,431,30,30,0
2026-05-14,431,31,31,0
2026-05-21,431,23,23,0
2026-05-28,431,21,21,0
2026-06-04,431,39,39,0
2026-06-11,431,19,19,0
2026-06-18,431,13,0,13
2026-06-25,431,31,31,0
2026-07-02,431,41,0,41
2026-07-09,431,28,28,0
2026-07-16,431,4,4,0
2026-07-23,431,14,14,0
2026-07-30,431,17,17,0
2026-08-06,431,22,22,0
2026-08-13,431,22,22,0
2026-08-20,431,2,2,0
2026-08-27,431,10,10,0
2026-09-03,431,4,4,0
2026-09-10,431,11,11,0
2026-09-17,431,9,9,0
