group,observations,weeks,goes_again,stalls,fails,goes_again_rate,failure_rate,always_stall_accuracy,resolved_either_way_rate,mean_signed_return_bps,mean_signed_overnight_return_bps,mean_signed_intraday_return_bps,median_signed_return_bps,intraday_with_trend_rate,intraday_against_trend_rate,touch_breakout_rate,both_sides_touched_rate
ALL_SETUPS,19,11,1,15,3,0.05263157894736842,0.15789473684210525,0.7894736842105263,0.21052631578947367,-27.027621359986032,-21.356517782885437,-5.3327712097087225,2.600825963716691,0.15789473684210525,0.2631578947368421,0.15789473684210525,0.0
CONTINUATION_WATCH,3,3,0,2,1,0.0,0.3333333333333333,0.6666666666666666,0.3333333333333333,-122.29889475024977,-32.49811236116266,-88.68306312824684,2.600825963716691,0.0,0.3333333333333333,0.3333333333333333,0.0
FAILURE_RISK,6,4,1,5,0,0.16666666666666666,0.0,0.8333333333333334,0.16666666666666666,175.57446214156596,9.638201841716821,165.99061581028806,141.8579285549326,0.5,0.0,0.16666666666666666,0.0
UNRESOLVED,10,8,0,8,2,0.0,0.2,0.8,0.2,-120.0074894438381,-36.61087118416362,-83.12171584614536,-42.63495449023602,0.0,0.4,0.1,0.0
CONTINUATION_WATCH / DOWN,2,2,0,1,1,0.0,0.5,0.5,0.5,-184.748755107233,-42.24540889371742,-140.83692610247888,-184.748755107233,0.0,0.5,0.0,0.0
CONTINUATION_WATCH / UP,1,1,0,1,0,0.0,0.0,1.0,0.0,2.600825963716691,-13.003519296053145,15.624662820217239,2.600825963716691,0.0,0.0,1.0,0.0
FAILURE_RISK / DOWN,6,4,1,5,0,0.16666666666666666,0.0,0.8333333333333334,0.16666666666666666,175.57446214156596,9.638201841716821,165.99061581028806,141.8579285549326,0.5,0.0,0.16666666666666666,0.0
UNRESOLVED / DOWN,8,7,0,7,1,0.0,0.125,0.875,0.125,-111.96434749543127,-59.33615318285429,-52.47292412091112,-41.133206724214276,0.0,0.25,0.0,0.0
UNRESOLVED / UP,2,2,0,1,1,0.0,0.5,0.5,0.5,-152.1800572374654,54.29025681059907,-205.71688274708234,-152.1800572374654,0.0,1.0,0.5,0.0
